AthleteID,Name,Country,Sport,Age
1,Athlete 1,USA,Tennis,26
2,Athlete 2,Russia,Swimming,19
3,Athlete 3,Kenya,Volleyball,24
4,Athlete 4,China,Athletics,36
5,Athlete 5,Brazil,Volleyball,34
6,Athlete 6,Russia,Gymnastics,38
7,Athlete 7,Germany,Cycling,38
8,Athlete 8,Russia,Tennis,40
9,Athlete 9,Russia,Swimming,39
10,Athlete 10,UK,Cycling,21
11,Athlete 11,UK,Swimming,29
12,Athlete 12,Kenya,Basketball,34
13,Athlete 13,Brazil,Tennis,21
14,Athlete 14,Australia,Athletics,28
15,Athlete 15,UK,Tennis,22
16,Athlete 16,Australia,Cycling,34
17,Athlete 17,UK,Athletics,35
18,Athlete 18,Japan,Gymnastics,25
19,Athlete 19,France,Tennis,23
20,Athlete 20,China,Football,27
21,Athlete 21,Japan,Athletics,33
22,Athlete 22,Brazil,Volleyball,39
23,Athlete 23,Germany,Basketball,38
24,Athlete 24,Japan,Volleyball,29
25,Athlete 25,Germany,Tennis,21
26,Athlete 26,Australia,Tennis,22
27,Athlete 27,China,Tennis,32
28,Athlete 28,France,Tennis,25
29,Athlete 29,UK,Swimming,26
30,Athlete 30,Japan,Volleyball,24
31,Athlete 31,Brazil,Football,34
32,Athlete 32,France,Gymnastics,21
33,Athlete 33,USA,Cycling,21
34,Athlete 34,Brazil,Swimming,29
35,Athlete 35,Brazil,Tennis,22
36,Athlete 36,Japan,Volleyball,39
37,Athlete 37,France,Gymnastics,33
38,Athlete 38,USA,Tennis,34
39,Athlete 39,France,Volleyball,23
40,Athlete 40,Japan,Gymnastics,32
41,Athlete 41,Russia,Football,22
42,Athlete 42,France,Tennis,36
43,Athlete 43,UK,Gymnastics,20
44,Athlete 44,France,Tennis,21
45,Athlete 45,Russia,Tennis,32
46,Athlete 46,USA,Tennis,22
47,Athlete 47,Japan,Swimming,34
48,Athlete 48,Japan,Swimming,22
49,Athlete 49,UK,Cycling,18
50,Athlete 50,USA,Volleyball,36
51,Athlete 51,Australia,Basketball,32
52,Athlete 52,Kenya,Cycling,21
53,Athlete 53,Australia,Cycling,26
54,Athlete 54,France,Swimming,28
55,Athlete 55,Kenya,Volleyball,37
56,Athlete 56,USA,Basketball,32
57,Athlete 57,UK,Cycling,38
58,Athlete 58,Kenya,Cycling,28
59,Athlete 59,China,Gymnastics,37
60,Athlete 60,China,Football,36
61,Athlete 61,China,Cycling,32
62,Athlete 62,Brazil,Tennis,28
63,Athlete 63,China,Athletics,37
64,Athlete 64,China,Gymnastics,18
65,Athlete 65,Brazil,Volleyball,23
66,Athlete 66,USA,Tennis,21
67,Athlete 67,Australia,Swimming,30
68,Athlete 68,Russia,Swimming,22
69,Athlete 69,UK,Football,20
70,Athlete 70,China,Volleyball,18
71,Athlete 71,Germany,Basketball,18
72,Athlete 72,Kenya,Tennis,34
73,Athlete 73,Brazil,Gymnastics,22
74,Athlete 74,Australia,Volleyball,38
75,Athlete 75,USA,Volleyball,40
76,Athlete 76,Australia,Athletics,22
77,Athlete 77,Kenya,Tennis,35
78,Athlete 78,Germany,Swimming,34
79,Athlete 79,UK,Gymnastics,30
80,Athlete 80,UK,Tennis,25
81,Athlete 81,Brazil,Cycling,23
82,Athlete 82,Brazil,Football,20
83,Athlete 83,Australia,Swimming,19
84,Athlete 84,UK,Cycling,31
85,Athlete 85,Brazil,Volleyball,29
86,Athlete 86,Australia,Tennis,28
87,Athlete 87,China,Gymnastics,40
88,Athlete 88,Japan,Basketball,21
89,Athlete 89,Germany,Football,27
90,Athlete 90,France,Football,40
91,Athlete 91,Kenya,Basketball,30
92,Athlete 92,China,Volleyball,38
93,Athlete 93,China,Football,18
94,Athlete 94,UK,Athletics,40
95,Athlete 95,Brazil,Football,24
96,Athlete 96,Germany,Athletics,22
97,Athlete 97,France,Gymnastics,30
98,Athlete 98,UK,Athletics,33
99,Athlete 99,China,Cycling,19
100,Athlete 100,Kenya,Basketball,38
101,Athlete 101,Germany,Cycling,39
102,Athlete 102,Germany,Tennis,19
103,Athlete 103,Australia,Football,20
104,Athlete 104,Germany,Cycling,27
105,Athlete 105,France,Basketball,23
106,Athlete 106,Germany,Athletics,26
107,Athlete 107,France,Swimming,32
108,Athlete 108,USA,Athletics,20
109,Athlete 109,Kenya,Basketball,38
110,Athlete 110,China,Gymnastics,24
111,Athlete 111,Russia,Tennis,25
112,Athlete 112,USA,Basketball,19
113,Athlete 113,France,Basketball,18
114,Athlete 114,Germany,Basketball,34
115,Athlete 115,China,Swimming,27
116,Athlete 116,UK,Volleyball,35
117,Athlete 117,France,Volleyball,29
118,Athlete 118,USA,Tennis,33
119,Athlete 119,USA,Gymnastics,18
120,Athlete 120,France,Gymnastics,38
121,Athlete 121,Kenya,Gymnastics,29
122,Athlete 122,Japan,Volleyball,29
123,Athlete 123,China,Swimming,24
124,Athlete 124,Brazil,Athletics,19
125,Athlete 125,China,Cycling,39
126,Athlete 126,Kenya,Cycling,23
127,Athlete 127,Germany,Gymnastics,21
128,Athlete 128,Germany,Basketball,40
129,Athlete 129,USA,Cycling,28
130,Athlete 130,UK,Cycling,38
131,Athlete 131,Germany,Gymnastics,23
132,Athlete 132,USA,Swimming,28
133,Athlete 133,China,Tennis,30
134,Athlete 134,Kenya,Athletics,37
135,Athlete 135,China,Cycling,34
136,Athlete 136,China,Basketball,21
137,Athlete 137,Brazil,Cycling,29
138,Athlete 138,Russia,Volleyball,34
139,Athlete 139,China,Athletics,23
140,Athlete 140,Russia,Volleyball,22
141,Athlete 141,China,Athletics,28
142,Athlete 142,China,Swimming,21
143,Athlete 143,China,Athletics,26
144,Athlete 144,Russia,Gymnastics,38
145,Athlete 145,Germany,Cycling,32
146,Athlete 146,Japan,Athletics,35
147,Athlete 147,Brazil,Cycling,37
148,Athlete 148,Brazil,Football,27
149,Athlete 149,Australia,Athletics,29
150,Athlete 150,China,Gymnastics,36
151,Athlete 151,China,Tennis,31
152,Athlete 152,UK,Athletics,31
153,Athlete 153,Russia,Gymnastics,19
154,Athlete 154,Russia,Basketball,26
155,Athlete 155,Germany,Tennis,23
156,Athlete 156,Australia,Volleyball,31
157,Athlete 157,France,Swimming,19
158,Athlete 158,USA,Gymnastics,28
159,Athlete 159,Japan,Cycling,18
160,Athlete 160,Russia,Cycling,19
161,Athlete 161,Russia,Swimming,37
162,Athlete 162,Australia,Tennis,22
163,Athlete 163,UK,Swimming,34
164,Athlete 164,France,Tennis,19
165,Athlete 165,Brazil,Tennis,38
166,Athlete 166,Australia,Basketball,35
167,Athlete 167,China,Athletics,36
168,Athlete 168,UK,Cycling,23
169,Athlete 169,France,Swimming,37
170,Athlete 170,USA,Cycling,29
171,Athlete 171,France,Gymnastics,18
172,Athlete 172,USA,Basketball,21
173,Athlete 173,UK,Cycling,33
174,Athlete 174,Australia,Basketball,36
175,Athlete 175,UK,Athletics,26
176,Athlete 176,Russia,Tennis,19
177,Athlete 177,Japan,Athletics,21
178,Athlete 178,France,Tennis,28
179,Athlete 179,USA,Football,39
180,Athlete 180,Japan,Athletics,37
181,Athlete 181,Brazil,Football,39
182,Athlete 182,Brazil,Basketball,31
183,Athlete 183,Australia,Basketball,25
184,Athlete 184,Brazil,Gymnastics,21
185,Athlete 185,Kenya,Swimming,37
186,Athlete 186,China,Athletics,35
187,Athlete 187,Germany,Gymnastics,22
188,Athlete 188,Brazil,Volleyball,24
189,Athlete 189,Brazil,Volleyball,36
190,Athlete 190,Germany,Basketball,22
191,Athlete 191,Japan,Swimming,26
192,Athlete 192,USA,Volleyball,40
193,Athlete 193,Kenya,Volleyball,28
194,Athlete 194,USA,Swimming,29
195,Athlete 195,USA,Swimming,40
196,Athlete 196,France,Tennis,23
197,Athlete 197,Australia,Volleyball,33
198,Athlete 198,Japan,Volleyball,40
199,Athlete 199,UK,Athletics,36
200,Athlete 200,Brazil,Football,35
